Phase,Priority,Action Item,Effort,Timeline,Expected Impact,Dependencies,Status,Notes
Phase 1,1,Add removal proof screenshots,Medium,1 week,High,Verification scanner,Completed,Implemented in v1.9.0 - before/after screenshots with View Proof dialog
Phase 1,2,AI & Deepfake Protection (Enterprise),Medium,1 week,High,None,Completed,Implemented in v1.10.0 - 18 AI sources: training datasets/facial recognition/voice cloning
Phase 1,3,Implement custom site removal request form,Low,3 days,Medium,Email system,Not Started,Simple form to submit URLs for manual processing
Phase 1,4,Expand data broker directory to 100+ brokers,Medium,1 week,High,Research,Not Started,Add opt-out URLs and privacy emails
Phase 1,5,Add progress report PDF generation,Medium,1 week,Medium,Report API,Not Started,Monthly PDF reports with charts
Phase 2,6,Build email masking service,Medium,2 weeks,Medium,Email infrastructure,Not Started,Generate temporary emails for opt-outs
Phase 2,7,Create browser extension Chrome Firefox,Medium,3 weeks,Medium,Extension APIs,Not Started,Quick scan from toolbar
Phase 2,8,Expand to 200+ data brokers,High,1 month,High,Research and testing,Not Started,Priority brokers from competitor lists
Phase 3,9,Mobile app MVP React Native,High,6-8 weeks,Medium,API refactoring,Not Started,iOS and Android
Phase 3,10,Identity theft insurance partnership,Low,4-6 weeks,Medium,Legal and Business,Not Started,Partner with insurance provider
Phase 3,11,SOC 2 Type II certification,High,3-6 months,Medium,Security audit,Not Started,Build enterprise trust
